word	weight
aang	0
abang	0
abdul	0
abdullah	0
abdurrahman	0
abidzar	0
abstain	0
acara	0
aceh	0
achmad	0
ad	0
adakan	0
adalah	0
adanya	0
adapun	0
adat	0
adem	0
adhi	0
adhoc	0
adhy	0
adinawawi	0
aditya	0
administrasi	0
adopsi	0
aduan	0
afifuddin	0
agenda	0
agendakan	0
agent	0
agt	0
agung	0
agus	0
agustus	0
ahli	0
ahmad	0
ahok	0
ahokanis	0
ahokrano	0
ahy	0
ai	0
aiptu	0
airin	0
airlangga	0
ajaran	0
ajukan	0
aka	0
akab	0
akademika	0
akademisi	0
akan	0
akankah	0
akbar	0
akbp	0
akhir	0
akhirnya	0
akn	0
akp	0
aksara	0
aktivitas	0
akun	0
akurat	0
al	0
ala	0
alasan	0
alasannya	0
alat	0
ali	0
alias	0
aliyanto	0
all	0
almatsus	0
alokasi	0
alon	0
alunalun	0
alutsista	0
aman	0
amanat	0
amanatnya	0
amankan	0
ambang	0
amp	0
ampbali	0
amperawati	0
ampp	0
an	0
anakanak	0
analisa	0
anas	0
and	0
andalan	0
andhika	0
andi	0
andik	0
andika	0
andriansyah	0
anggaran	0
anggotanya	0
anggraeni	0
angin	0
angka	0
angkringan	0
angkutan	0
anies	0
aniesahok	0
anik	0
anjani	0
ann	0
anna	0
anniversary	0
ansor	0
ansori	0
antar	0
antara	0
antarane	0
antaranya	0
antarpasangan	0
antikorupsi	0
antok	0
antre	0
anulir	0
anwar	0
anyaman	0
apabila	0
apakah	0
apalagi	0
apapun	0
aparatur	0
apbd	0
apel	0
apk	0
apkbk	0
apologize	0
apresiasi	0
aproach	0
aps	0
aqil	0
ar	0
arahannya	0
arahnnya	0
arci	0
area	0
arek	0
areks	0
arena	0
ari	0
arifin	0
aris	0
ariyanto	0
arm	0
armuji	0
arogansi	0
artinya	0
arumi	0
arus	0
arya	0
asad	0
asalasalan	0
asep	0
asia	0
asistensi	0
aslinya	0
asn	0
asnawi	0
aspal	0
aspirasi	0
asrori	0
aston	0
asuhan	0
asumta	0
asyik	0
at	0
atau	0
ataupun	0
atlet	0
atletico	0
aturan	0
audiensi	0
auditorium	0
aula	0
aunul	0
australia	0
awak	0
awali	0
awan	0
awasi	0
awokawok	0
aws	0
ayah	0
aye	0
ayem	0
ayoo	0
azah	0
azhar	0
azizah	0
azwar	0
baay	0
babel	0
babinsa	0
babussalam	0
bacabup	0
bacabupbacawabup	0
bacagub	0
bacakada	0
bacal	0
bacalon	0
bacawabup	0
bacawagub	0
bacawali	0
back	0
bagaimana	0
bagibagi	0
bagikan	0
bago	0
bagong	0
baharkam	0
bahkan	0
bahlil	0
bahrain	0
bahwa	0
bakal	0
bakalan	0
bakesbangpol	0
bakorwil	0
balance	0
baleg	0
balewiyata	0
bali	0
balihonya	0
ballroom	0
balong	0
bambang	0
banda	0
banggai	0
bangganya	0
bangil	0
bangka	0
bangkalan	0
bangkalansumenep	0
bangsa	0
bangsaonline	0
bansos	0
bansosduit	0
banten	0
bantuan	0
banyuwangi	0
bapaslon	0
bappeda	0
barat	0
barcode	0
barisan	0
barito	0
barra	0
barrarizal	0
baru	0
barubaru	0
barusan	0
basis	0
basudara	0
basuki	0
baswedan	0
batalyon	0
batik	0
batumarmar	0
batumenghadiri	0
bawah	0
bawaslu	0
bayt	0
baznas	0
bbm	0
beberapa	0
beberkan	0
begadung	0
begitu	0
begitupun	0
beji	0
bekerja	0
belabelain	0
belakangnya	0
beliau	0
belum	0
bem	0
benarbenar	0
benarkah	0
bendo	0
bengkel	0
bentrokan	0
benturan	0
beperan	0
beragama	0
berakhir	0
berani	0
berapa	0
berat	0
berati	0
berbasis	0
berbondongbondong	0
bercerita	0
berdampak	0
berdayakan	0
berdewasa	0
berebut	0
beres	0
bergerak	0
berhadapan	0
berhatihati	0
berhenti	0
berikan	0
berikut	0
berimbang	0
berintegritas	0
berisi	0
berisiko	0
beritasatu	0
berjalan	0
berjanji	0
berjualan	0
berjuang	0
berkalikali	0
berkampanye	0
berkarakter	0
berkas	0
berkeadaban	0
berkelanjutan	0
berkelas	0
berkeliling	0
berkembang	0
berkepribadian	0
berkiprah	0
berkoalisi	0
berkolaborasi	0
berkomitmen	0
berkompetensi	0
berkomunikasi	0
berkontestasi	0
berkontribusi	0
berkoordinasi	0
berkosentrasi	0
berkumpul	0
berkurangnya	0
berlaku	0
berlangsung	0
berlangsungnya	0
bermain	0
bermotor	0
berniat	0
bernmama	0
berpeluang	0
berpenduduk	0
berperadaban	0
berperan	0
berpesan	0
berpihak	0
berpolitik	0
berpolitiklah	0
berpotensi	0
berprestasi	0
berpusat	0
bersaing	0
bersalaman	0
bersamaan	0
bersamasama	0
berseragam	0
bershalawat	0
bersholawat	0
bersih	0
bersihbersih	0
bersikap	0
bersinergi	0
bersinergisitas	0
bersuara	0
bertajuk	0
bertanggung	0
bertarung	0
bertekad	0
bertema	0
bertempat	0
bertepat	0
bertugas	0
bertujuan	0
berubah	0
berupa	0
berwawasan	0
besaran	0
beserta	0
besok	0
betes	0
beya	0
bgn	0
bhabinkamtibmas	0
bhayangkara	0
biaya	0
bibit	0
bicara	0
bidang	0
bidhumas	0
bidkum	0
bikin	0
bila	0
bilang	0
bimtek	0
binaan	0
binmas	0
bintang	0
bintoro	0
bio	0
biro	0
birokrasi	0
bisa	0
bismillahh	0
bisowarno	0
bjirrr	0
bkln	0
bkwk	0
blaaas	0
black	0
blakblakan	0
blek	0
blimbing	0
blitar	0
blusukan	0
bnnp	0
bobby	0
bocahe	0
bocoran	0
bocorkan	0
bodohi	0
bohoooooooooong	0
bojonegoro	0
bolehkan	0
bolehlah	0
bollroom	0
bolo	0
bolol	0
bolonemase	0
bolooo	0
bondowoso	0
bondowosp	0
bone	0
bonek	0
bourdieau	0
brawijaya	0
breaking	0
brhubung	0
briefing	0
brigade	0
brigjen	0
brim	0
brimob	0
bu	0
bubutan	0
buchori	0
budaya	0
budi	0
budukh	0
buffer	0
bukit	0
bulak	0
bulanan	0
bulog	0
bulu	0
bumi	0
bung	0
bupat	0
bupati	0
bupatibakal	0
bupatiwabup	0
bupatiwakil	0
bupatiwali	0
buruh	0
bus	0
buseeett	0
buset	0
busok	0
butir	0
butuhkan	0
buyar	0
buzzer	0
by	0
cabang	0
cabup	0
cabupcawabup	0
cagar	0
cagub	0
cagubcawagub	0
cagubnya	0
cahyadi	0
cahyadiarmuji	0
cak	0
cakada	0
cakadacawakada	0
call	0
calon	0
calonnnya	0
calonnya	0
camat	0
campaign	0
campus	0
cantiq	0
cara	0
cat	0
catat	0
catatan	0
cawagub	0
cawakada	0
cawecawe	0
cctv	0
cd	0
cederai	0
center	0
centre	0
cerdas	0
cetak	0
chamber	0
chanel	0
change	0
chelsea	0
chepto	0
china	0
chirp	0
choirul	0
cholil	0
cilik	0
cipayung	0
cipta	0
ciptakan	0
cita	0
city	0
civitas	0
clinic	0
closing	0
club	0
cnn	0
coaching	0
coblos	0
coblosan	0
coblosnya	0
coklit	0
coloun	0
colour	0
com	0
comedy	0
coment	0
community	0
competition	0
confirm	0
contong	0
convention	0
convex	0
cooling	0
corak	0
cs	0
cyber	0
dadang	0
daerah	0
daerahdaerah	0
daftarkan	0
dakwah	0
dalmas	0
damai	0
daman	0
dampingi	0
dan	0
danatau	0
daniel	0
danrem	0
dapil	0
dardak	0
daring	0
darmo	0
dasar	0
dau	0
dawami	0
daya	0
dbl	0
deddi	0
deddy	0
dedikasi	0
dedmul	0
dedy	0
definitif	0
deg	0
deh	0
dekati	0
deklarasikan	0
demi	0
demokrasi	0
demokrat	0
demokratis	0
dengan	0
denny	0
deny	0
depan	0
depat	0
dermawan	0
desa	0
desakelurahan	0
desalurah	0
desi	0
detikcom	0
dewanata	0
dewekam	0
dewekan	0
dgn	0
dh	0
dhirotsaha	0
dhito	0
dhitodewi	0
di	0
diadakan	0
diakses	0
diakuinya	0
dialogis	0
diamanati	0
dianggap	0
diantoro	0
diaplikasikan	0
diatas	0
diawali	0
dibabat	0
dibagi	0
dibahas	0
dibanding	0
dibandingkan	0
dibatasi	0
dibayangkan	0
diberi	0
diberikan	0
dibio	0
dibuat	0
dibuka	0
dibulan	0
dibutuhkan	0
dicontoh	0
didamping	0
didampingi	0
didasari	0
didasarkan	0
didatangi	0
diddy	0
didekati	0
didoakan	0
didongkrak	0
didorong	0
diduga	0
didukung	0
dieluelukan	0
digagalkan	0
digagas	0
diganti	0
digeber	0
digelar	0
digeledah	0
digenjot	0
digerakkan	0
digeser	0
digiring	0
digital	0
digunakan	0
digusur	0
diguyur	0
dihadapi	0
dihadiri	0
diharapkan	0
dihindari	0
diikuti	0
diinisiasi	0
diisukan	0
dijadwalkan	0
dijalani	0
dijalankan	0
dijatah	0
dijuluki	0
dikatakannya	0
dikawal	0
dike	0
dikeluarkan	0
dikenal	0
dikeroyok	0
dikerumuni	0
diketahui	0
dikhawatirkan	0
dikirab	0
diklaim	0
dikutip	0
dilaksanakan	0
dilakukan	0
dilakukannya	0
dilaman	0
dilampiaskan	0
dilangsungkan	0
dilanjutkan	0
dilantiknya	0
diliput	0
diluar	0
diluncurkan	0
dimaksud	0
dimaksudkan	0
dimana	0
dimanfaatkan	0
dimenangi	0
dimenangkan	0
dimobilisasi	0
dinamikanya	0
dinanti	0
dinarasikan	0
dinas	0
dini	0
dinilai	0
diniyah	0
dino	0
dinyatakan	0
diobrakabrik	0
dipadukan	0
dipahami	0
dipakai	0
dipasangkan	0
dipastikan	0
dipasuruan	0
dipegang	0
dipercepat	0
diperhtungkan	0
dipertahankan	0
dipertanggungjawabkan	0
dipertanyakan	0
dipertemukan	0
dipertontonkan	0
dipilih	0
diponegoro	0
dipostingan	0
diprediksi	0
dipungkiri	0
dirahasiakan	0
diraih	0
diramaikan	0
dirbinmas	0
direalisasikan	0
direkomendasikan	0
direncanakan	0
diresmikan	0
dirham	0
dirikan	0
dirintelkam	0
dirminto	0
dirreskrimum	0
disabilitas	0
disambut	0
disampaikan	0
disandera	0
disapa	0
discussion	0
disdikprov	0
disebabkan	0
disebarluaskan	0
disebut	0
disediakan	0
diselenggarakan	0
diserahkan	0
diserahterimakan	0
disertai	0
disertakan	0
disesuaikan	0
disiapkan	0
disimak	0
disinformasi	0
disingkat	0
disini	0
disinyalir	0
diskominfo	0
diskusi	0
disorot	0
disosialisasikan	0
distribusikan	0
ditaklukkan	0
ditanya	0
ditargetkan	0
ditata	0
ditekankan	0
ditelurkan	0
ditemukan	0
diteriaki	0
diterjunkan	0
diteruskan	0
ditetapkan	0
ditunjuk	0
ditutup	0
diumumkan	0
diundi	0
diunggah	0
diunggulkan	0
diusulkan	0
diusung	0
diusungnya	0
diversifikasi	0
divhumas	0
divisi	0
diwajibkan	0
diwakili	0
diwarnai	0
diwujudkan	0
djarot	0
djatikoesoemo	0
djumadi	0
dki	0
dkj	0
dll	0
dlm	0
doakan	0
dokumen	0
dokumentasi	0
dolly	0
domain	0
domisili	0
dompet	0
doorprize	0
doorstop	0
dorong	0
download	0
dpc	0
dpd	0
dph	0
dphp	0
dpp	0
dpph	0
dpr	0
dprd	0
dps	0
dpshp	0
dpt	0
dptb	0
dpw	0
dr	0
drajat	0
driver	0
drone	0
drs	0
drt	0
dsb	0
dsj	0
duck	0
duduk	0
duetkan	0
dugaan	0
duit	0
duitmu	0
dukcapil	0
dukungannya	0
dulloh	0
dulu	0
dulurdulur	0
durian	0
duta	0
dwi	0
dwipayana	0
dzikir	0
echo	0
edi	0
edisi	0
edukasi	0
efendi	0
efendidirham	0
effect	0
ekologi	0
ekonomi	0
eksekutif	0
elektabilitas	0
elektabilitasnya	0
elektabilitaspopularitas	0
elektoral	0
elemen	0
elestianto	0
elestinto	0
eling	0
elistianto	0
emak	0
emakemak	0
emang	0
emas	0
embong	0
emil	0
empat	0
empati	0
emyu	0
enam	0
endorsement	0
endro	0
enggak	0
entrepreneurship	0
episode	0
era	0
eranya	0
eri	0
eriarmuji	0
erina	0
erji	0
ero	0
etan	0
euforia	0
evakuasi	0
evaluasi	0
exhibition	0
fadjar	0
fahmi	0
faisal	0
faktanya	0
fakultas	0
fandi	0
fanny	0
far	0
farhan	0
faridzky	0
fasih	0
fasilitasi	0
fatah	0
fatayat	0
fattah	0
fattahmujahid	0
fatwa	0
fauzi	0
fauziimam	0
fauzikh	0
fawaid	0
fawait	0
febriadmadja	0
febrianto	0
februanto	0
februari	0
fenomena	0
fenomenal	0
ferguson	0
festival	0
fgd	0
fiestiadanimujiono	0
fiestiandani	0
fikrimoh	0
fikriunais	0
film	0
filosofi	0
finansial	0
finna	0
firhando	0
firosya	0
fisip	0
fitria	0
fix	0
fkm	0
fkub	0
flashmob	0
flayer	0
floor	0
fokuskan	0
for	0
forkopimcam	0
forkopimda	0
format	0
four	0
fraksi	0
from	0
fufufafa	0
fulltext	0
fun	0
fungsi	0
fungsinya	0
ga	0
gadthering	0
gaes	0
gagasan	0
gaguk	0
gajinya	0
gak	0
gakkumdu	0
gambaran	0
gampengrejo	0
gandeng	0
ganesha	0
gangguan	0
ganis	0
gantiin	0
garam	0
garden	0
gaspol	0
gaspoll	0
gasskeunnn	0
gathering	0
gaungkan	0
gawagis	0
gawe	0
gaya	0
gayam	0
gayungan	0
gedung	0
gelaran	0
gelarheheheff	0
gelombang	0
gelorakan	0
gemah	0
gemilang	0
gen	0
gencar	0
gencarkan	0
gender	0
geng	0
genteng	0
gerak	0
gerbang	0
gercep	0
gerilya	0
gerindra	0
gerung	0
gesekan	0
gesit	0
ghofur	0
ghofurfirosya	0
ghoni	0
giat	0
gibran	0
gini	0
ginjal	0
ginting	0
gipo	0
giring	0
gkb	0
gkjw	0
global	0
goalisi	0
goes	0
golkar	0
golongan	0
golput	0
gondanglegi	0
gor	0
gorong	0
gotong	0
gp	0
graha	0
grahadi	0
granada	0
grand	0
gratiskan	0
grebek	0
grendmercure	0
gresik	0
group	0
gt	0
gubeng	0
gubenur	0
gubernur	0
gubernurku	0
gubernurwakil	0
gucci	0
gudang	0
gulun	0
gumelarrudi	0
gunakan	0
gunawanumar	0
gunung	0
gus	0
gusdurian	0
guyub	0
gw	0
habib	0
hadapan	0
hadapi	0
hadi	0
hadiri	0
hadirkan	0
hahaha	0
haiii	0
hak	0
hakim	0
hal	0
halaman	0
halim	0
halindra	0
halnya	0
ham	0
hamas	0
hamid	0
hamida	0
hamidah	0
hamidahlukmanul	0
hampir	0
han	0
handmade	0
hanindhito	0
hanindito	0
hans	0
hanta	0
hanura	0
harapan	0
harapannya	0
harapkan	0
hari	0
harimurti	0
harini	0
haris	0
hariwur	0
hariyono	0
harkamtibmas	0
harlah	0
harmadha	0
harmoni	0
harris	0
harsono	0
harsonodwi	0
harta	0
hartono	0
harusnya	0
hasilnya	0
hasto	0
hasudungan	0
hasyim	0
haye	0
hebat	0
hebohkan	0
henariza	0
hendardi	0
hendi	0
hendri	0
hendy	0
heni	0
hentihentinya	0
hentikan	0
her	0
heraldha	0
herawati	0
herex	0
hergunadi	0
hermawan	0
heueheuehue	0
heuheueu	0
hhasil	0
hiburan	0
hidayat	0
hilirasi	0
himawan	0
himbauan	0
hindari	0
hindarkan	0
hingga	0
histori	0
hisyam	0
hj	0
hkhakim	0
hm	0
hmm	0
hoaks	0
hoakshoaks	0
hour	0
hrs	0
hubungan	0
hubungannya	0
hukumnya	0
humas	0
humaspoldajatim	0
husada	0
hut	0
huuu	0
hybe	0
ia	0
iainu	0
ibu	0
ibuibu	0
ibuke	0
ibukota	0
ide	0
idris	0
iffa	0
ig	0
ii	0
iia	0
ijti	0
ijtima	0
ika	0
ikan	0
ikfina	0
ikfinagus	0
iki	0
iklan	0
iklim	0
iklusifm	0
ikon	0
iku	0
ikuri	0
ikuti	0
imbau	0
imbauan	0
imin	0
imron	0
in	0
incumbent	0
indar	0
indeks	0
independen	0
indikator	0
individu	0
indocabinet	0
indomie	0
indonesia	0
indopol	0
indopoll	0
indra	0
indrapura	0
influencer	0
infografis	0
informatika	0
information	0
infrastruktur	0
ingatkan	0
ingin	0
ini	0
inilah	0
inisiatif	0
insan	0
instagram	0
instruksikan	0
instrumen	0
insvestasi	0
insya	0
integra	0
integritas	0
intelkam	0
intensifkan	0
intern	0
internal	0
international	0
intervensi	0
inti	0
intip	0
investasi	0
ipda	0
ipin	0
ipong	0
ipongluhur	0
iptu	0
ipuk	0
ipul	0
ir	0
irjen	0
ironinya	0
irwan	0
iskandar	0
ist	0
istimewa	0
isyarat	0
ita	0
itasandi	0
itb	0
izinkan	0
ja	0
jabatan	0
jabatannya	0
jaddinarismaya	0
jadikan	0
jadwal	0
jadwalnya	0
jaemin	0
jagoanku	0
jagoanmu	0
jagoannya	0
jajaran	0
jajarannya	0
jakarta	0
jalan	0
jalani	0
jalannya	0
jalih	0
jalil	0
jalin	0
jam	0
jamaah	0
jambore	0
jaminan	0
jamnas	0
jamur	0
janji	0
janjikan	0
jantung	0
jasin	0
jasinrp	0
jateng	0
jatengjatim	0
jatim	0
jatimjatengjabardki	0
jatmiko	0
jawa	0
jawabannya	0
jazil	0
jazilul	0
jazz	0
jbmb	0
jcc	0
jdi	0
jejaring	0
jember	0
jemursari	0
jenderal	0
jendral	0
jenggolo	0
jenis	0
jer	0
jfc	0
jika	0
jinawi	0
jingle	0
jiwa	0
jkk	0
jkm	0
jksn	0
jkt	0
jktjabarjatengjatimsumut	0
jl	0
joget	0
joglo	0
jogo	0
jogosatru	0
jogoyudan	0
joko	0
jokowi	0
jokowis	0
jombang	0
jprm	0
jtv	0
juara	0
jubir	0
juga	0
juli	0
julukan	0
jum	0
jumlah	0
jumlahnya	0
junaidi	0
junghwan	0
jungkook	0
juni	0
jurdil	0
jurkam	0
jurnal	0
jurnalis	0
jurnalistik	0
juru	0
jurus	0
jurusan	0
justru	0
jutaan	0
kab	0
kabagops	0
kabagwatpers	0
kabid	0
kabidhumas	0
kabkota	0
kabupaten	0
kabupatenkota	0
kabupatentuban	0
kabuputen	0
kader	0
kaderkader	0
kadernya	0
kades	0
kadirun	0
kadis	0
kadiv	0
kaesang	0
kah	0
kajari	0
kajati	0
kaki	0
kakorsabhara	0
kalahkan	0
kalangan	0
kalender	0
kali	0
kalian	0
kalianak	0
kaliasin	0
kalietan	0
kaligede	0
kalimantan	0
kalinya	0
kalirungkut	0
kalo	0
kaltim	0
kamal	0
kami	0
kamis	0
kampanyekan	0
kampanyenya	0
kampung	0
kampus	0
kamtibmas	0
kamu	0
kanan	0
kancah	0
kandang	0
kandidat	0
kang	0
kanit	0
kanjuruhan	0
kanker	0
kans	0
kantongi	0
kantor	0
kanwil	0
kaops	0
kapan	0
kapasan	0
kapolda	0
kapolres	0
kapolresta	0
kapolrestabes	0
kapolsek	0
karakter	0
karangtengah	0
karas	0
karier	0
karna	0
karno	0
karsini	0
kartini	0
kartoharjo	0
kartun	0
karyono	0
kasat	0
kasatwil	0
kasdam	0
kasn	0
kasubbid	0
kasubsi	0
kasus	0
kategori	0
katino	0
katinoning	0
kaum	0
kawankawan	0
kawasan	0
kawedanan	0
kayoon	0
kd	0
kdrt	0
ke	0
keadaan	0
keadilan	0
keagamaan	0
keamanan	0
keanekaragaman	0
kearifan	0
kebaktian	0
kebebasan	0
kebencian	0
keberadaan	0
keberagaman	0
keberangkatan	0
keberhasilan	0
kebersamaan	0
kec	0
kecam	0
kecamatan	0
kecebong	0
kecermatan	0
kecewa	0
kecurangan	0
kedamaian	0
kedatangan	0
kedatangannya	0
kedaulatan	0
kedepan	0
kedinasan	0
kediri	0
kedokteran	0
kedua	0
keduanya	0
kedungguwo	0
keempat	0
keilmuan	0
keinginan	0
kejaksaan	0
kejati	0
kek	0
kekayaannya	0
kekeringan	0
kekompakan	0
kelancaran	0
kelayakan	0
kelengkapan	0
kelestarian	0
kelewatan	0
keliling	0
kelima	0
kelurahan	0
kemajuan	0
kemarin	0
kembali	0
kemenangan	0
kemenangannya	0
kemendagri	0
kemenkes	0
kemenkumham	0
kemerdekaan	0
kemiskinan	0
kemitraan	0
kemudian	0
kenaikan	0
kenakan	0
kenalan	0
kenapa	0
kendala	0
kendalakendala	0
kendaraan	0
kenjeran	0
kepada	0
kepala	0
kepemiluan	0
kepemimpinan	0
kepemimpinannya	0
kependudukan	0
kepengurusan	0
kepolisian	0
ker	0
keragaman	0
kerahkan	0
kerakyatan	0
keramaian	0
kerapan	0
keras	0
kerasa	0
keraton	0
kerek	0
keren	0
kerenn	0
kerennn	0
keripik	0
kerjakerja	0
kerot	0
kertas	0
kerto	0
kertokerti	0
kerupuk	0
kerusakan	0
kesadaran	0
kesaktian	0
kesatu	0
kesatuan	0
kesehatan	0
kesejahteraan	0
kesekretariatan	0
keseluruhan	0
kesempatan	0
kesempatannya	0
kesepahaman	0
kesetaraan	0
kesiagaan	0
kesiapan	0
kesiapannya	0
kesiapsiagaan	0
kesolidannya	0
kesuksesan	0
ketanggi	0
ketentuan	0
keterangan	0
keterbatasan	0
keterwakilan	0
ketiga	0
ketika	0
ketokohan	0
ketolongan	0
ketua	0
ketuanya	0
ketujuh	0
ketulusan	0
ketum	0
keuangan	0
keunggulan	0
keutuhan	0
kewajiban	0
kewenangan	0
kewirausahaan	0
keyakinan	0
kgn	0
kh	0
khakim	0
khatam	0
khoff	0
khofifah	0
khofifahdardak	0
khofifahemi	0
khofifahemil	0
khofifahrismaluluk	0
khoirani	0
khoirul	0
kholilurrahman	0
kholis	0
khunaifi	0
khusunya	0
khusus	0
khususnya	0
ki	0
kiai	0
kiaisantri	0
kian	0
kim	0
kimia	0
kinerja	0
king	0
kip	0
kirab	0
kirakira	0
kisaran	0
kita	0
kitorang	0
kjsu	0
kkd	0
klaim	0
klik	0
klm	0
klub	0
kluncing	0
knapa	0
koalisi	0
koarmada	0
kodam	0
kodim	0
kofikrn	0
kok	0
kokoh	0
kolaborasi	0
kolom	0
kolong	0
komandan	0
komando	0
kombes	0
komen	0
komentar	0
kominfo	0
komisioner	0
komitmen	0
komitmennya	0
kompak	0
kompascom	0
kompeten	0
kompetisi	0
kompol	0
komposisi	0
kondisi	0
kondusif	0
kondusifitas	0
kondusifrabu	0
kondusivitas	0
konektivitas	0
konflik	0
konsep	0
konsisten	0
konstitusi	0
konstruksi	0
konsulat	0
konten	0
kontestan	0
kontestasi	0
kontribusi	0
konveksi	0
koperasi	0
kopi	0
korak	0
korbankorban	0
korda	0
korelasi	0
korem	0
koridor	0
korps	0
korupsinya	0
kosolidasi	0
kostum	0
kpai	0
kpid	0
kpj	0
kpk	0
kpps	0
kpu	0
kpud	0
krajan	0
kreativitasmu	0
kredibilitas	0
krejengan	0
kresna	0
kretek	0
kripik	0
krisdayanti	0
krisdayantikresna	0
kristiyanto	0
kritisisme	0
krl	0
krn	0
kroninya	0
krusial	0
ktpel	0
ktv	0
ku	0
kuasai	0
kuburan	0
kucing	0
kuda	0
kudu	0
kulon	0
kultural	0
kumpulkan	0
kunaifi	0
kunjungan	0
kursi	0
kuto	0
kutokabupaten	0
kuu	0
kwk	0
labang	0
labuhkan	0
laghawa	0
lah	0
lahirkan	0
lahirnya	0
lainnya	0
laju	0
lakilaki	0
laksanakan	0
lakukan	0
lalin	0
lame	0
lamongan	0
lampung	0
lan	0
lancarnya	0
lancor	0
langit	0
langkahlangkah	0
langkahlangkahnya	0
lansia	0
lanskap	0
lantang	0
lantas	0
lapas	0
lapis	0
latar	0
lauhul	0
launching	0
laut	0
lawang	0
lawannya	0
lebo	0
lecut	0
legi	0
legislatif	0
legislator	0
leluhur	0
lengkapnya	0
leste	0
letkol	0
level	0
lewatkan	0
lho	0
liam	0
libatkan	0
lihatnya	0
like	0
lima	0
lin	0
lindrajoko	0
lingkungannya	0
link	0
lintas	0
lipat	0
lisdyarita	0
listrik	0
lita	0
litbang	0
literasi	0
lo	0
logistik	0
loh	0
loka	0
lokal	0
lokasi	0
lokomotif	0
loksus	0
lomba	0
lontar	0
loo	0
looh	0
lowongan	0
loyalitas	0
lsi	0
lt	0
ltm	0
luar	0
luber	0
lukman	0
lukmanul	0
lulu	0
luluk	0
lulukkhofifahrisma	0
luluklukambertekad	0
luluklukman	0
luluklukmanul	0
lumajang	0
luman	0
lumbang	0
lumbung	0
luncurkan	0
luring	0
lutfi	0
luthfi	0
ma	0
mabes	0
macan	0
machfud	0
madas	0
madiun	0
madrid	0
madura	0
magetan	0
mahameru	0
maharani	0
mahasiswa	0
mahasiswi	0
mahfudz	0
majadigi	0
majelis	0
maju	0
majukan	0
mak	0
maka	0
makam	0
makanya	0
makki	0
makkiali	0
malah	0
malaysia	0
mana	0
manchester	0
mandat	0
mangge	0
manokwari	0
mansel	0
mansur	0
manyar	0
mapolda	0
mapolres	0
marahmarah	0
mardiono	0
maret	0
marhaen	0
marisa	0
mariya	0
marketing	0
marsruroh	0
martianto	0
marunduri	0
mas	0
masa	0
masifnya	0
masih	0
masingmasing	0
masjkur	0
maskot	0
maslachah	0
massa	0
massal	0
massifnya	0
mastikan	0
masud	0
masukan	0
masuki	0
masyarakat	0
masyayikh	0
masyhuri	0
mat	0
matang	0
mataraman	0
materi	0
maulid	0
maupun	0
mauu	0
mawa	0
maya	0
mayjen	0
mayoritas	0
mbacot	0
mbak	0
mbappe	0
mbing	0
media	0
medsos	0
meeting	0
mega	0
megalomania	0
megawati	0
megilan	0
mekanisme	0
melainkan	0
melaju	0
melakukan	0
melakukannya	0
melanjutkan	0
melaporkan	0
melati	0
melawan	0
melayangkan	0
melebihi	0
melejit	0
melesat	0
melestarikan	0
melibatkan	0
memacu	0
memanajemen	0
memanas	0
memanasi	0
memanfaatkan	0
memantau	0
memaparkan	0
memasang	0
memastikan	0
membagikan	0
membangkitkan	0
membangun	0
membawa	0
membentuk	0
memberangkatkan	0
memberikan	0
memberitakan	0
membersamai	0
membuatnya	0
membuka	0
membutuhkan	0
memelihara	0
memenangkan	0
memeriahkan	0
memerintahkan	0
memetakan	0
memilih	0
memiliki	0
memimpin	0
meminimalkan	0
memo	0
mempengaruhi	0
memperbanyak	0
memperebutkan	0
memperhatikan	0
memperjuangkan	0
memperketat	0
memperlancar	0
memperpanjang	0
mempertebal	0
memprioritaskan	0
memproses	0
memproteksi	0
mempublikasikan	0
memulai	0
memutuskan	0
memverifikasi	0
menaiki	0
menakar	0
menambahkan	0
menampilkan	0
menampung	0
menangani	0
menangkan	0
menanti	0
menanyakan	0
menarget	0
menargetkan	0
menariknya	0
menatap	0
mencakup	0
mencalonkan	0
mencapai	0
mencatat	0
mencatatkan	0
mencermati	0
mencerminkan	0
menciptakan	0
mencoba	0
mencuat	0
mendaftar	0
mendaftarkan	0
mendagri	0
mendampingi	0
mendapatkan	0
mendatang	0
mendatangi	0
mendebat	0
mendeklarasikan	0
mendengar	0
mendirikan	0
mendongkrak	0
mendukung	0
mendunia	0
menegakkan	0
menegaskan	0
meneliti	0
menemani	0
menempatkannya	0
menempelkan	0
menemui	0
menengah	0
menentukan	0
menerangkan	0
menerbitkan	0
meneruskan	0
mengacu	0
mengadakan	0
mengagendakan	0
mengahasilkan	0
mengahdiri	0
mengajak	0
mengajukan	0
mengakomodir	0
mengaku	0
mengalir	0
mengamankan	0
mengambil	0
mengantarkan	0
mengapresiasi	0
mengatasi	0
mengatasnamakan	0
mengebut	0
mengecek	0
mengedukasi	0
mengekspresikan	0
mengelilingi	0
mengelola	0
mengeluarkan	0
mengenai	0
mengenakan	0
mengenalkan	0
mengenaskan	0
mengerahkan	0
mengetahui	0
menggalang	0
menggali	0
mengganti	0
menggantikan	0
menggaungkan	0
menggelar	0
menggembirakan	0
menggenjot	0
menggerakkan	0
menggugad	0
menggugah	0
menggunakan	0
menghadapi	0
menghadiri	0
menghadirkan	0
menghangat	0
menghantam	0
mengharapkan	0
menghargai	0
menghasilkan	0
menghibur	0
menghindari	0
menghormati	0
mengidentifikasi	0
mengimbau	0
mengingat	0
menginstruksikan	0
mengintensifkan	0
mengirim	0
mengiringi	0
mengkampanye	0
mengkampanyekan	0
mengkonsolidasikan	0
mengkonsultasikan	0
mengkoordinasikan	0
mengkritik	0
mengobral	0
mengoptimalkan	0
menguasai	0
menguat	0
mengubah	0
mengumkan	0
mengundang	0
mengundurkan	0
mengungkap	0
mengunjungi	0
mengurangi	0
mengurus	0
mengusulkan	0
mengusung	0
mengutamakan	0
meniadakan	0
meningkat	0
meningkatkan	0
meningkatnya	0
meninjau	0
menit	0
menjabarkan	0
menjadi	0
menjadikan	0
menjadwalkan	0
menjalankan	0
menjalin	0
menjamur	0
menjangkau	0
menjanjikan	0
menjawab	0
menjeang	0
menjegal	0
menjelaskan	0
menohok	0
menonjol	0
mensejahterakan	0
mensos	0
mensosialisasikan	0
mensosialisikan	0
mensukseskan	0
mental	0
mentereng	0
menteri	0
menuai	0
menumbuhkan	0
menunjuk	0
menunjukan	0
menuntaskan	0
menyajikan	0
menyalaaa	0
menyalurkan	0
menyamai	0
menyambangi	0
menyambut	0
menyapa	0
menyatakan	0
menyebarluaskan	0
menyebutkan	0
menyelenggarakan	0
menyelesaikan	0
menyemarakkan	0
menyentuh	0
menyerahkan	0
menyetujui	0
menyiagakan	0
menyikapi	0
menyimak	0
menyimpan	0
menyinggung	0
menyoroti	0
menyosialisasikan	0
menyukseskan	0
menyuksseskan	0
menyumbang	0
menyusul	0
meraih	0
merak	0
merakyat	0
meramaikan	0
merasakan	0
meraup	0
mercure	0
merdeka	0
mereka	0
merekomendasikan	0
merekrut	0
merespons	0
meriahnya	0
merinci	0
merupakan	0
merusak	0
mesin	0
mesinergikan	0
mestine	0
mestinya	0
metal	0
meyakini	0
mh	0
mifhathur	0
miftahur	0
milad	0
milenial	0
miliki	0
minfo	0
minggu	0
mingguan	0
minimum	0
minyak	0
mirama	0
miramar	0
misi	0
misinya	0
mitigasi	0
mitos	0
mk	0
mm	0
mochamad	0
mochammad	0
mochtar	0
moh	0
mojokerto	0
mojosuro	0
momen	0
moncer	0
monica	0
monitoring	0
monumen	0
morazen	0
moreno	0
motif	0
motor	0
mount	0
mrk	0
msi	0
mu	0
muawanah	0
mubarok	0
muchlissoni	0
mudahkan	0
mudawamah	0
muhajir	0
muhammad	0
muhammadiyah	0
muhibbin	0
mui	0
mujahid	0
mujib	0
mujiono	0
muka	0
mulia	0
multimedia	0
mulya	0
mulyadi	0
mulyani	0
mulyono	0
mumpuni	0
munculnya	0
mundur	0
mundurnya	0
muri	0
museum	0
muskernas	0
muslimat	0
mustasyar	0
musthofa	0
muswil	0
mvp	0
nah	0
nahdhatul	0
nahdlatul	0
nahdliyin	0
nahh	0
nahhhseperti	0
najwa	0
nalar	0
nama	0
namanya	0
namun	0
nanik	0
nantikan	0
nantinya	0
napi	0
narasumber	0
nas	0
nasdem	0
nasib	0
nasih	0
nasional	0
nasution	0
nawaning	0
ncs	0
nebak	0
negara	0
negeri	0
nelayan	0
nembawa	0
neohistoria	0
netizen	0
netral	0
netralitas	0
new	0
news	0
ngakunya	0
nganjuk	0
nganten	0
ngawi	0
ngebel	0
ngegas	0
ngelawan	0
ngepantun	0
nggeh	0
nglegok	0
nglongsor	0
ngopingopi	0
nguhahjajajajajaja	0
niat	0
nih	0
nilainya	0
ning	0
nkri	0
nnnn	0
no	0
nobar	0
nofantoro	0
nomer	0
nomor	0
non	0
nonggunong	0
nonparlemen	0
nonstop	0
nonton	0
nopember	0
normanorma	0
nostalgia	0
nov	0
november	0
nt	0
ntar	0
ntmc	0
ntt	0
ntv	0
nu	0
nuansa	0
nunsantara	0
nur	0
nurani	0
nurul	0
nurut	0
nusa	0
nusantara	0
nya	0
nyai	0
nyatakan	0
nyimak	0
nyoblos	0
nyungsep	0
obor	0
oemilih	0
of	0
offensive	0
ojo	0
ojok	0
ojol	0
oknum	0
oktober	0
okupansi	0
olah	0
old	0
oleh	0
oligarki	0
omben	0
online	0
ono	0
ony	0
onyantok	0
opini	0
ops	0
optimal	0
optimalisasi	0
optimalkan	0
optimis	0
optimisme	0
optimistis	0
or	0
orang	0
orangorang	0
orkestrasi	0
ormas	0
otomotif	0
out	0
overland	0
pabrik	0
pacitan	0
padahal	0
padangan	0
padat	0
padatnya	0
pademawu	0
pagar	0
pagii	0
pagoda	0
paguyuban	0
paham	0
pahami	0
pahlawan	0
pak	0
pakai	0
pakaian	0
pakta	0
paling	0
palsu	0
pamekasan	0
pamong	0
pamungkas	0
pan	0
pancasila	0
pandaan	0
pandangan	0
pandawara	0
panel	0
panelis	0
panen	0
pangan	0
pangarep	0
pangdam	0
panggilan	0
panggung	0
panji	0
pantarlih	0
pantura	0
panwascam	0
panwaslu	0
paparannya	0
papua	0
paramadina	0
paransa	0
parawansa	0
parawansaemil	0
pare	0
parlement	0
parmas	0
parpol	0
partai	0
partainya	0
partisipatif	0
pasalnya	0
pasangan	0
pasangannya	0
pasar	0
pasca	0
pascasarjana	0
pasean	0
pasirian	0
paslon	0
password	0
pastinya	0
pasuran	0
pasuruan	0
patahkan	0
patrol	0
paw	0
payne	0
pb	0
pbnu	0
pc	0
pcnu	0
pd	0
pdi	0
pdip	0
pdiperjuangan	0
pdippendukungnya	0
pdippkb	0
pecah	0
pecahkan	0
pecalang	0
pedagang	0
pede	0
pedoman	0
pegiat	0
pegunungan	0
pejuang	0
pekan	0
pelakanaan	0
pelaksana	0
pelaksanaaan	0
pelaksanakan	0
pelaksanan	0
pelaku	0
pelanggaran	0
pelaporan	0
pelatihan	0
pelebaran	0
peledak	0
pelemparan	0
pelepasan	0
pelipatan	0
peliputan	0
peluang	0
peluncuran	0
pemahaman	0
pemantau	0
pemaparan	0
pemasangan	0
pembangunan	0
pembekalan	0
pembencinya	0
pembentukan	0
pemberangkatan	0
pemberantasan	0
pembicara	0
pembina	0
pembrangkatan	0
pembuatan	0
pemda	0
pemecatan	0
pemenangan	0
pemerataan	0
pemeriksaan	0
pemerintah	0
pemerintahan	0
pemetaan	0
pemicu	0
pemiliban	0
pemilih	0
pemilihan	0
pemilihnya	0
pemilu	0
pemilubawaslu	0
pemimpin	0
pemkab	0
pemkot	0
pemprov	0
pemrov	0
pemula	0
pemungkas	0
pemungutan	0
pemutakhiran	0
penampilan	0
penanaman	0
penantang	0
penataran	0
penatausahaan	0
pencairan	0
pencak	0
pencalonan	0
pencetakan	0
pencinta	0
pencocokan	0
pendamping	0
pendampingan	0
pendanaan	0
pendapat	0
pendekatan	0
pendem	0
pendidikan	0
pendinginan	0
pendiri	0
pendistribusian	0
pendopo	0
pendorong	0
penduduknya	0
pendukungnya	0
penegak	0
penelitian	0
penempatan	0
penentu	0
penerimaan	0
penerus	0
penetapan	0
pengabaian	0
pengacara	0
pengadaan	0
pengaduan	0
pengajian	0
pengajuan	0
pengalihan	0
pengamanan	0
pengamat	0
penganugerahan	0
pengaturan	0
pengawal	0
pengawalan	0
pengawas	0
pengawasan	0
pengecekan	0
pengelolaan	0
pengendalian	0
pengendara	0
penggati	0
penggerak	0
penghitungan	0
pengingat	0
pengisi	0
pengisian	0
penguatan	0
pengundian	0
pengunduran	0
pengunduruan	0
pengunjung	0
pengusaha	0
pengusung	0
penilaian	0
peningkatan	0
peninjauan	0
penipuan	0
penjabat	0
penjag	0
penjaga	0
penjagaan	0
penolakan	0
penonton	0
pentingnya	0
penuh	0
penuhi	0
penutupannya	0
penyalahgunaan	0
penyaluran	0
penyampaian	0
penyampaiannya	0
penyebaran	0
penyedia	0
penyediaan	0
penyelenggara	0
penyelenggaraan	0
penyelenggarakan	0
penyelenggaran	0
penyemangat	0
penyerahan	0
penyimpanan	0
penyuluhan	0
penyumbang	0
penyusunan	0
penyusutan	0
peobolinggo	0
per	0
peraga	0
perajin	0
perakitan	0
peran	0
perangkat	0
perantau	0
peraturan	0
perawat	0
percetakan	0
percontohan	0
perdana	0
peredaran	0
perekaman	0
perekonomian	0
perempatan	0
perempuan	0
perencanaan	0
pererat	0
perguruan	0
perhelatan	0
perhitungan	0
perikanan	0
perindo	0
peringat	0
peringatan	0
peringati	0
periode	0
perjalanan	0
perjuangan	0
perjuangkan	0
perketat	0
perkuat	0
perlakuan	0
perlindungan	0
perlunya	0
permasalahan	0
permohonan	0
pernah	0
pernikahan	0
perpajakan	0
perpecahan	0
pers	0
persaingan	0
persatuan	0
persaudaraan	0
persepsi	0
perseteruan	0
persiapkan	0
personal	0
personel	0
personelnya	0
personil	0
perspektif	0
persyaratan	0
pertalite	0
pertama	0
pertanggungjawaban	0
pertanian	0
pertanyaan	0
pertaruhan	0
pertarungan	0
perundangundangan	0
perwakilan	0
pesankan	0
pesanpesan	0
pesantren	0
pesisir	0
peta	0
petahana	0
petakan	0
petanana	0
petani	0
peternakan	0
petinggi	0
pidana	0
pidato	0
pierre	0
pihaknya	0
pikuk	0
pilar	0
pilbup	0
pildun	0
pileg	0
pilgub	0
pilgubb	0
pilgubjawa	0
pilgun	0
pilihanmu	0
pilihlah	0
pilihnya	0
pilkada	0
pilpres	0
pilwali	0
pimpin	0
pimpinan	0
pindahan	0
pintu	0
pirangpirang	0
piranti	0
piro	0
pj	0
pjs	0
pju	0
pk	0
pkb	0
pkd	0
pkh	0
pkk	0
pkl	0
pks	0
plaosan	0
platform	0
pleno	0
pmii	0
pn	0
pngen	0
pns	0
po	0
podcast	0
point	0
points	0
pokmaswas	0
polantas	0
polda	0
policy	0
polisi	0
politisasi	0
politisi	0
poll	0
polling	0
polmas	0
polres	0
polresta	0
polrestabes	0
polri	0
polsek	0
poltekkes	0
poltracking	0
pondok	0
pondopo	0
ponorogo	0
ponpes	0
ponsen	0
popularitas	0
poros	0
portal	0
posisi	0
posisinya	0
posko	0
posnu	0
post	0
posted	0
postingan	0
pp	0
ppdi	0
ppk	0
ppp	0
pps	0
prabowo	0
prabowogibran	0
prabowojokowi	0
praja	0
prakondisi	0
pramana	0
pramanadewi	0
prameswati	0
pramono	0
pramuka	0
prayitno	0
prayogo	0
premiere	0
president	0
prestasi	0
pribadi	0
prinsip	0
prioritas	0
pro	0
probolinggo	0
probolinggolumajang	0
produksi	0
prof	0
profesi	0
profesional	0
profil	0
progo	0
program	0
projo	0
propinsi	0
proposional	0
prospektif	0
prospektifnya	0
prov	0
provinsi	0
ps	0
psbr	0
psc	0
psht	0
psi	0
pt	0
ptps	0
puan	0
public	0
publik	0
pucuk	0
pudak	0
pujian	0
pula	0
pulau	0
pulkada	0
puluhan	0
puri	0
purn	0
purwanto	0
purwodadi	0
purwosari	0
putaran	0
putat	0
puti	0
putin	0
putra	0
putri	0
puuxxii	0
pw	0
pwi	0
qoriawan	0
qowim	0
ra	0
rabu	0
raden	0
radfan	0
radio	0
rafael	0
raffi	0
ragil	0
raharjo	0
rahayah	0
raka	0
rakabuming	0
raker	0
rakercabsus	0
rakerdasus	0
rakernis	0
rakhmanto	0
rakit	0
rakor	0
rakornas	0
rakorwil	0
rakyat	0
rakyatnya	0
ramahramah	0
ranah	0
rancangan	0
rangka	0
rangkaian	0
rangkaiannya	0
rangkuman	0
rangkumannya	0
ranmor	0
rano	0
ranting	0
rapimnas	0
rasakan	0
rasional	0
ratakan	0
rating	0
ratusan	0
raup	0
raya	0
redaktur	0
reformasi	0
refugia	0
registrasi	0
regulasi	0
rek	0
rekapitulasi	0
rekening	0
rekk	0
rekom	0
rekomendasi	0
rekor	0
rekrut	0
rekrutmen	0
rektor	0
relawan	0
relevan	0
rencananya	0
repdem	0
repost	0
reposted	0
representasi	0
representatif	0
republik	0
resik	0
resikresik	0
resor	0
responden	0
responsif	0
restu	0
revisi	0
ri	0
riadshow	0
rianto	0
ribka	0
ribu	0
ribuan	0
ridwan	0
rijantobeky	0
rimbun	0
rini	0
rio	0
ripah	0
ripto	0
risma	0
rismagus	0
rismahans	0
rismaharani	0
rismaharini	0
rismaharinikh	0
rismaharinizahrul	0
ritonga	0
rival	0
riyadi	0
riyadiwafi	0
rk	0
robby	0
rocky	0
rohan	0
rohani	0
ronggosukowati	0
rosdyanto	0
rosita	0
rotasi	0
royong	0
rozaq	0
rp	0
rspal	0
rssa	0
rsud	0
rtrw	0
ruchi	0
rudy	0
rudyseno	0
rukun	0
rumpoko	0
run	0
rupatama	0
rupiah	0
rusdi	0
rutan	0
rutin	0
ruu	0
rw	0
saat	0
saatnya	0
sabhara	0
sabrina	0
sabtu	0
sah	0
said	0
saiful	0
saifullah	0
saing	0
saingi	0
sak	0
saksikan	0
sakti	0
saladin	0
salaf	0
salahnya	0
salam	0
salamul	0
saling	0
saluran	0
salut	0
samasama	0
sambangi	0
sambikerep	0
sambil	0
sambutannya	0
sambutanya	0
sampaikan	0
sampang	0
sampe	0
samtama	0
sancoko	0
sang	0
santika	0
santos	0
santri	0
sanusi	0
sanusilathifah	0
sapa	0
sapaan	0
saputro	0
sarana	0
sarasehan	0
sarjana	0
sarwono	0
satgas	0
satlantas	0
satoto	0
satpol	0
satpolairud	0
satrio	0
satuan	0
satunya	0
satusatunya	0
satusemangatnkrimaju	0
savira	0
saw	0
sayuri	0
scan	0
scr	0
screening	0
sd	0
sdg	0
sdm	0
se	0
sebabnya	0
sebagaimana	0
sebagainya	0
sebagi	0
sebaikbaiknya	0
sebaiknya	0
sebaliknyacatat	0
sebanyak	0
sebelum	0
sebelumnya	0
seberapa	0
sebesar	0
sebesarbesarnya	0
sebulan	0
sebut	0
secara	0
sedang	0
sedangkan	0
sedati	0
sederet	0
sedunia	0
segara	0
segini	0
segmen	0
sehingga	0
sejahtera	0
sejak	0
sejalan	0
sejarah	0
sejatim	0
sejauh	0
sejawa	0
sejuk	0
sejumlah	0
sekabupaten	0
sekaligus	0
sekarang	0
sekda	0
sekdaprov	0
sekecamatan	0
sekedar	0
sekelompok	0
sekian	0
sekitar	0
sekjen	0
sekmen	0
sekota	0
sekretariat	0
sekretaris	0
sektor	0
sektoral	0
sela	0
selain	0
selaku	0
selalu	0
selama	0
selanjutnya	0
selasa	0
selasarabu	0
selatan	0
seleksi	0
selenggarakan	0
selepas	0
selesaikan	0
seluruh	0
semadura	0
semaksimal	0
semalam	0
semanggi	0
sembako	0
semeru	0
seminar	0
semoga	0
sempat	0
semula	0
semunggu	0
senam	0
senantiasa	0
senasib	0
senayan	0
seng	0
senggol	0
sengit	0
sengketa	0
senin	0
seninrabu	0
senneng	0
seno	0
senori	0
sentra	0
sentral	0
seolah	0
seolaholah	0
sepakati	0
sepanjang	0
sepasuruan	0
sepeda	0
sepertijakarta	0
september	0
seputar	0
serahkan	0
serap	0
serbaguna	0
serikat	0
seringkali	0
serukan	0
serunya	0
seruseruan	0
seruudan	0
sesi	0
sesuatu	0
setelah	0
setempat	0
setiap	0
setiawan	0
setujui	0
setyo	0
setyonurul	0
seusai	0
sewilayah	0
sezona	0
sgt	0
sh	0
shaa	0
shalati	0
shalawat	0
share	0
shella	0
sherlita	0
shihab	0
shinee	0
shohib	0
sholawat	0
sholeh	0
shollu	0
si	0
siaga	0
siagakan	0
siang	0
siapkah	0
siapkan	0
siber	0
sicita	0
sidak	0
sidoarjo	0
sidokkes	0
sidorejo	0
sigaret	0
signifikan	0
sih	0
sik	0
silat	0
silaturahmi	0
simbol	0
simomulyo	0
simpati	0
simulasi	0
sinergi	0
sinergisitas	0
sinergitas	0
sini	0
siniar	0
sinwar	0
sinyal	0
sipadam	0
sipil	0
siradj	0
sirekap	0
sisi	0
sispamkota	0
siswanto	0
sitorus	0
sitto	0
situasi	0
situbondo	0
situs	0
siyap	0
siyh	0
sj	0
sja	0
sk	0
skema	0
skenario	0
skill	0
skrang	0
sksual	0
skt	0
slalu	0
slamet	0
slogan	0
sm	0
sma	0
sman	0
smart	0
smasmk	0
smk	0
smuanya	0
sng	0
so	0
sobari	0
sobatjatim	0
soebandi	0
soekarno	0
soekarnoputri	0
soemiarsono	0
soeprapto	0
soetandyo	0
soetomo	0
solid	0
solidaritas	0
soliditas	0
solutif	0
somoga	0
song	0
sopir	0
sopo	0
sore	0
sorotan	0
soroti	0
sortir	0
sosdiklih	0
sosialisasi	0
sosialisasikan	0
sosmed	0
sosodoro	0
sosok	0
sosrodilogo	0
sowan	0
space	0
spbu	0
speaking	0
spektakuler	0
spirit	0
sport	0
spt	0
sri	0
srikandi	0
stadion	0
staf	0
stakeholder	0
standup	0
start	0
statement	0
status	0
stiker	0
stikosa	0
store	0
strategi	0
strategis	0
streaming	0
streamingnya	0
street	0
stroke	0
stunting	0
suaramu	0
suaranya	0
suatu	0
subandi	0
subbid	0
subsidi	0
subuh	0
sudahkah	0
sudrajat	0
sugianto	0
sugiharto	0
sugino	0
sugiri	0
sugirilisdyarita	0
suhajar	0
suheri	0
suhu	0
sujatno	0
suko	0
sukodono	0
sukomanunggal	0
sukomoro	0
sukseskan	0
suksesnya	0
suksestanwir	0
sulawesi	0
sule	0
sulistyo	0
sulsel	0
sultan	0
sulteng	0
sultra	0
sumatera	0
sumbangan	0
sumbangsih	0
sumber	0
sumenep	0
sumrahadi	0
sumut	0
sunarti	0
sunluhkum	0
supir	0
suprapto	0
surabaya	0
surat	0
suroboyo	0
surokhim	0
suroso	0
survei	0
survey	0
suryo	0
susanto	0
suswandi	0
sutarwijono	0
sutedjoshobih	0
sutiaji	0
swadaya	0
swasta	0
swissbelhotel	0
syamsi	0
syamsul	0
syarat	0
syarifah	0
syarifahabdul	0
syauqul	0
syndrome	0
system	0
tabalong	0
tabarakallah	0
tabarukan	0
tactical	0
tagline	0
taglinenya	0
tah	0
tahap	0
tahapan	0
tahapantahapan	0
tahun	0
tahunan	0
tahuntahun	0
tahunya	0
tak	0
takmiliyah	0
talaud	0
talk	0
talkshow	0
tambang	0
tan	0
tanah	0
tancap	0
tandatangani	0
tanggapi	0
tanggungjawab	0
tangkal	0
tangki	0
tanpa	0
tantangan	0
tapi	0
target	0
targetkan	0
taruna	0
tas	0
tauhid	0
tawaran	0
tayangan	0
tdk	0
tebal	0
tegak	0
tegaknya	0
tegalsari	0
tegas	0
tegaskan	0
tekankan	0
teknis	0
teknologi	0
teko	0
telaga	0
telah	0
telang	0
tema	0
teman	0
temani	0
temanteman	0
temantemannya	0
temboro	0
tempatnya	0
tempe	0
tempel	0
tempur	0
temuan	0
tenggara	0
tenggelam	0
tenggelamkan	0
tenggilis	0
tentram	0
tentrem	0
tentukan	0
tentunya	0
tepat	0
tepatilah	0
tepis	0
terakhir	0
terancam	0
terapkan	0
terasa	0
teratasi	0
terawan	0
terbagi	0
terbaikmu	0
terbanyak	0
terbebani	0
terbendung	0
terbentuknya	0
terbesar	0
terbitkan	0
terbuncit	0
tercapainya	0
tercatat	0
tercipta	0
terciptanya	0
terdapat	0
terdata	0
terdepan	0
terdiri	0
teredukasi	0
terfokus	0
tergabung	0
tergeser	0
tergusur	0
terhadap	0
terharu	0
terinovatif	0
terjalinnya	0
terjawab	0
terjunkan	0
terkati	0
terkecoh	0
terkerek	0
terkirim	0
terkuat	0
terlaksana	0
terlambat	0
terletak	0
terngiang	0
ternyata	0
teropong	0
terpecah	0
terpercah	0
terpercaya	0
terpilih	0
tersebar	0
tersebut	0
terselenggara	0
tersendiri	0
tersulit	0
tertentu	0
terupdate	0
terus	0
teruskan	0
terwakili	0
terwujudnya	0
tes	0
tetapi	0
tetapkan	0
tfg	0
tgl	0
th	0
the	0
threshold	0
ti	0
tian	0
tiba	0
tier	0
tiga	0
tiktok	0
timeline	0
times	0
timor	0
timses	0
timur	0
timurjatim	0
tindak	0
tingginya	0
tingkata	0
tingkatan	0
tingkatkan	0
tinjau	0
tionghoa	0
tipis	0
titipkan	0
tiwi	0
tjahjono	0
tjiptaning	0
tjiwi	0
tkb	0
tlng	0
tms	0
tni	0
tnipolri	0
to	0
tokoh	0
tokopedia	0
ton	0
topi	0
tot	0
total	0
totalitas	0
toto	0
totok	0
tower	0
tp	0
tps	0
trafford	0
trainer	0
training	0
transformasi	0
transportasi	0
trenggalek	0
tri	0
tribunnews	0
triliun	0
trimo	0
triyono	0
trmksh	0
trucuk	0
trunojoyo	0
tsb	0
ttg	0
tuban	0
tuding	0
tugaskan	0
tugu	0
tujuan	0
tujuannya	0
tujuh	0
tulis	0
tulungagung	0
tumbangkan	0
tumbuh	0
tumpah	0
tumplek	0
tunda	0
tunggal	0
tunjuk	0
tunjukkan	0
tuntaskan	0
tuntutan	0
tutut	0
tv	0
tvri	0
twitter	0
uang	0
ubah	0
ucapan	0
ucapnya	0
udah	0
udang	0
uin	0
uinsa	0
ujaran	0
ujarnya	0
ulfa	0
ulfiyah	0
ulil	0
ultimatum	0
umam	0
umar	0
umk	0
umkm	0
ummat	0
umpo	0
umumkan	0
umumnya	0
unair	0
unais	0
undicided	0
undur	0
unesa	0
unggul	0
ungkapkan	0
unik	0
united	0
universitas	0
unsur	0
unt	0
untari	0
untuk	0
up	0
upacara	0
update	0
upm	0
upn	0
upt	0
urak	0
urban	0
uronefrologi	0
urur	0
urut	0
urutan	0
usia	0
usman	0
usulan	0
usulkan	0
usung	0
usungan	0
utama	0
utamanya	0
utara	0
utk	0
utm	0
utomo	0
utuh	0
uu	0
valid	0
vandalisme	0
vasa	0
vbrawijaya	0
verifikasi	0
veronica	0
versi	0
versus	0
vespa	0
veteran	0
via	0
video	0
videonya	0
vinanda	0
vip	0
visitasi	0
vitamin	0
voters	0
vs	0
wa	0
waaaahh	0
wabup	0
wadah	0
wadirreskrimum	0
wadung	0
wafi	0
wagub	0
wahid	0
wahono	0
wahononurul	0
wakabid	0
wakapolda	0
wakapolres	0
wakil	0
wakilnya	0
waktu	0
waktunya	0
walapun	0
walaupun	0
wali	0
walikota	0
walpri	0
wanita	0
wapres	0
wardana	0
wardhana	0
warga	0
warits	0
warkop	0
warna	0
wartawan	0
waru	0
warung	0
wawan	0
wawasan	0
wawkerenn	0
wayahe	0
wayang	0
wayangan	0
website	0
wes	0
westin	0
whatsapp	0
whisnu	0
whyndam	0
wib	0
wicaksana	0
widodo	0
widya	0
widyanarko	0
widyanarkomudawamah	0
wilayah	0
wirawiri	0
wis	0
wisata	0
wisnu	0
wkwk	0
wong	0
wongsojudokh	0
wonocolo	0
wonokromo	0
workshop	0
wpp	0
wujudkan	0
wuryanto	0
wwrga	0
yaa	0
yahya	0
yahyah	0
yaitu	0
yakinkan	0
yakni	0
yamusari	0
yani	0
yanti	0
yayan	0
yelyel	0
yg	0
yo	0
yodi	0
yogya	0
yogyakarta	0
yon	0
yosowilagun	0
you	0
youtube	0
yuda	0
yudhoyono	0
yuhronur	0
yukkk	0
yuliani	0
yulianto	0
yura	0
yusak	0
yusuf	0
zahid	0
zahrul	0
zaini	0
zidna	0
zita	0
zone	0
zoom	0
